{
	"info": {
		"_postman_id": "8f4df6ad-32ef-403b-a81c-548d7fb7d01d",
		"name": "Factory",
		"schema": "https://schema.getpostman.com/json/collection/v2.1.0/collection.json",
		"_exporter_id": "7156650"
	},
	"item": [
		{
			"name": "Machine",
			"item": [
				{
					"name": "Production details",
					"request": {
						"method": "GET",
						"header": [],
						"url": {
							"raw": "localhost:3131/machine/production-details?machineType=maker&from=2022-04-15&to=2023-08-19",
							"host": [
								"localhost"
							],
							"port": "3131",
							"path": [
								"machine",
								"production-details"
							],
							"query": [
								{
									"key": "machineType",
									"value": "maker"
								},
								{
									"key": "from",
									"value": "2022-04-15"
								},
								{
									"key": "to",
									"value": "2023-08-19"
								}
							]
						}
					},
					"response": []
				},
				{
					"name": "Submit data",
					"request": {
						"method": "POST",
						"header": [],
						"body": {
							"mode": "raw",
							"raw": "{\r\n    \"userId\": 3,\r\n    \"date\": \"Sun, 04 Jul 2021 18:05:09 GMT\",\r\n    \"q1\": \"Yes\",\r\n    \"q2\": \"not mandatory\",\r\n    \"q3\": \"No\",\r\n    \"q4\": \"Yes\",\r\n    \"q5\": \"not mandatory\"\r\n}",
							"options": {
								"raw": {
									"language": "json"
								}
							}
						},
						"url": {
							"raw": "localhost:3131/machine/data",
							"host": [
								"localhost"
							],
							"port": "3131",
							"path": [
								"machine",
								"data"
							]
						}
					},
					"response": []
				}
			]
		}
	]
}